{
  "service": {
    "service": "connection",
    "serviceObject": {
      "name": "connection"
    },
    "provider": {
      "name": "aws",
      "runtime": "nodejs18.x",
      "lambdaHashingVersion": "20201221",
      "vpc": {
        "securityGroupIds": [
          "sg-03eb8b8e58552b4e1"
        ],
        "subnetIds": [
          "subnet-03f617abc3fcaba62",
          "subnet-0713a97d0ece7a12e",
          "subnet-0d04e6537eeef446b",
          "subnet-017ef236f1ce34fec",
          "subnet-01c2cab067b95d58f",
          "subnet-0c1b4ce75021c810d"
        ]
      },
      "stage": "dev",
      "region": "us-east-1",
      "versionFunctions": true,
      "compiledCloudFormationTemplate": {
        "AWSTemplateFormatVersion": "2010-09-09",
        "Description": "The AWS CloudFormation template for this Serverless application",
        "Resources": {
          "ServerlessDeploymentBucket": {
            "Type": "AWS::S3::Bucket",
            "Properties": {
              "BucketEncryption": {
                "ServerSideEncryptionConfiguration": [
                  {
                    "ServerSideEncryptionByDefault": {
                      "SSEAlgorithm": "AES256"
                    }
                  }
                ]
              }
            }
          },
          "ServerlessDeploymentBucketPolicy": {
            "Type": "AWS::S3::BucketPolicy",
            "Properties": {
              "Bucket": {
                "Ref": "ServerlessDeploymentBucket"
              },
              "PolicyDocument": {
                "Statement": [
                  {
                    "Action": "s3:*",
                    "Effect": "Deny",
                    "Principal": "*",
                    "Resource": [
                      {
                        "Fn::Join": [
                          "",
                          [
                            "arn:",
                            {
                              "Ref": "AWS::Partition"
                            },
                            ":s3:::",
                            {
                              "Ref": "ServerlessDeploymentBucket"
                            },
                            "/*"
                          ]
                        ]
                      },
                      {
                        "Fn::Join": [
                          "",
                          [
                            "arn:",
                            {
                              "Ref": "AWS::Partition"
                            },
                            ":s3:::",
                            {
                              "Ref": "ServerlessDeploymentBucket"
                            }
                          ]
                        ]
                      }
                    ],
                    "Condition": {
                      "Bool": {
                        "aws:SecureTransport": false
                      }
                    }
                  }
                ]
              }
            }
          },
          "TestconnectionLogGroup": {
            "Type": "AWS::Logs::LogGroup",
            "Properties": {
              "LogGroupName": "/aws/lambda/connection-dev-Testconnection"
            }
          },
          "TestcreateLogGroup": {
            "Type": "AWS::Logs::LogGroup",
            "Properties": {
              "LogGroupName": "/aws/lambda/connection-dev-Testcreate"
            }
          },
          "TestupdateLogGroup": {
            "Type": "AWS::Logs::LogGroup",
            "Properties": {
              "LogGroupName": "/aws/lambda/connection-dev-Testupdate"
            }
          },
          "TestdeleteLogGroup": {
            "Type": "AWS::Logs::LogGroup",
            "Properties": {
              "LogGroupName": "/aws/lambda/connection-dev-Testdelete"
            }
          },
          "TestselectLogGroup": {
            "Type": "AWS::Logs::LogGroup",
            "Properties": {
              "LogGroupName": "/aws/lambda/connection-dev-Testselect"
            }
          },
          "IamRoleLambdaExecution": {
            "Type": "AWS::IAM::Role",
            "Properties": {
              "AssumeRolePolicyDocument": {
                "Version": "2012-10-17",
                "Statement": [
                  {
                    "Effect": "Allow",
                    "Principal": {
                      "Service": [
                        "lambda.amazonaws.com"
                      ]
                    },
                    "Action": [
                      "sts:AssumeRole"
                    ]
                  }
                ]
              },
              "Policies": [
                {
                  "PolicyName": {
                    "Fn::Join": [
                      "-",
                      [
                        "connection",
                        "dev",
                        "lambda"
                      ]
                    ]
                  },
                  "PolicyDocument": {
                    "Version": "2012-10-17",
                    "Statement": [
                      {
                        "Effect": "Allow",
                        "Action": [
                          "logs:CreateLogStream",
                          "logs:CreateLogGroup",
                          "logs:TagResource"
                        ],
                        "Resource": [
                          {
                            "Fn::Sub": "arn:${AWS::Partition}:logs:${AWS::Region}:${AWS::AccountId}:log-group:/aws/lambda/connection-dev*:*"
                          }
                        ]
                      },
                      {
                        "Effect": "Allow",
                        "Action": [
                          "logs:PutLogEvents"
                        ],
                        "Resource": [
                          {
                            "Fn::Sub": "arn:${AWS::Partition}:logs:${AWS::Region}:${AWS::AccountId}:log-group:/aws/lambda/connection-dev*:*:*"
                          }
                        ]
                      }
                    ]
                  }
                }
              ],
              "Path": "/",
              "RoleName": {
                "Fn::Join": [
                  "-",
                  [
                    "connection",
                    "dev",
                    {
                      "Ref": "AWS::Region"
                    },
                    "lambdaRole"
                  ]
                ]
              },
              "ManagedPolicyArns": [
                {
                  "Fn::Join": [
                    "",
                    [
                      "arn:",
                      {
                        "Ref": "AWS::Partition"
                      },
                      ":iam::aws:policy/service-role/AWSLambdaVPCAccessExecutionRole"
                    ]
                  ]
                }
              ]
            }
          },
          "TestconnectionLambdaFunction": {
            "Type": "AWS::Lambda::Function",
            "Properties": {
              "Code": {
                "S3Bucket": {
                  "Ref": "ServerlessDeploymentBucket"
                },
                "S3Key": "serverless/connection/dev/1688879928711-2023-07-09T05:18:48.711Z/connection.zip"
              },
              "Handler": "handlers/handlerTestconnection.Testconnection",
              "Runtime": "nodejs18.x",
              "FunctionName": "connection-dev-Testconnection",
              "MemorySize": 1024,
              "Timeout": 6,
              "Role": {
                "Fn::GetAtt": [
                  "IamRoleLambdaExecution",
                  "Arn"
                ]
              },
              "VpcConfig": {
                "SecurityGroupIds": {
                  "$ref": "$[\"service\"][\"provider\"][\"vpc\"][\"securityGroupIds\"]"
                },
                "SubnetIds": {
                  "$ref": "$[\"service\"][\"provider\"][\"vpc\"][\"subnetIds\"]"
                }
              }
            },
            "DependsOn": [
              "TestconnectionLogGroup"
            ]
          },
          "TestcreateLambdaFunction": {
            "Type": "AWS::Lambda::Function",
            "Properties": {
              "Code": {
                "S3Bucket": {
                  "Ref": "ServerlessDeploymentBucket"
                },
                "S3Key": "serverless/connection/dev/1688879928711-2023-07-09T05:18:48.711Z/connection.zip"
              },
              "Handler": "handlers/handlerTestcreate.Testcreate",
              "Runtime": "nodejs18.x",
              "FunctionName": "connection-dev-Testcreate",
              "MemorySize": 1024,
              "Timeout": 6,
              "Role": {
                "Fn::GetAtt": [
                  "IamRoleLambdaExecution",
                  "Arn"
                ]
              },
              "VpcConfig": {
                "SecurityGroupIds": {
                  "$ref": "$[\"service\"][\"provider\"][\"vpc\"][\"securityGroupIds\"]"
                },
                "SubnetIds": {
                  "$ref": "$[\"service\"][\"provider\"][\"vpc\"][\"subnetIds\"]"
                }
              }
            },
            "DependsOn": [
              "TestcreateLogGroup"
            ]
          },
          "TestupdateLambdaFunction": {
            "Type": "AWS::Lambda::Function",
            "Properties": {
              "Code": {
                "S3Bucket": {
                  "Ref": "ServerlessDeploymentBucket"
                },
                "S3Key": "serverless/connection/dev/1688879928711-2023-07-09T05:18:48.711Z/connection.zip"
              },
              "Handler": "handlers/handlerTestupdate.Testupdate",
              "Runtime": "nodejs18.x",
              "FunctionName": "connection-dev-Testupdate",
              "MemorySize": 1024,
              "Timeout": 6,
              "Role": {
                "Fn::GetAtt": [
                  "IamRoleLambdaExecution",
                  "Arn"
                ]
              },
              "VpcConfig": {
                "SecurityGroupIds": {
                  "$ref": "$[\"service\"][\"provider\"][\"vpc\"][\"securityGroupIds\"]"
                },
                "SubnetIds": {
                  "$ref": "$[\"service\"][\"provider\"][\"vpc\"][\"subnetIds\"]"
                }
              }
            },
            "DependsOn": [
              "TestupdateLogGroup"
            ]
          },
          "TestdeleteLambdaFunction": {
            "Type": "AWS::Lambda::Function",
            "Properties": {
              "Code": {
                "S3Bucket": {
                  "Ref": "ServerlessDeploymentBucket"
                },
                "S3Key": "serverless/connection/dev/1688879928711-2023-07-09T05:18:48.711Z/connection.zip"
              },
              "Handler": "handlers/handlerTestdelete.Testdelete",
              "Runtime": "nodejs18.x",
              "FunctionName": "connection-dev-Testdelete",
              "MemorySize": 1024,
              "Timeout": 6,
              "Role": {
                "Fn::GetAtt": [
                  "IamRoleLambdaExecution",
                  "Arn"
                ]
              },
              "VpcConfig": {
                "SecurityGroupIds": {
                  "$ref": "$[\"service\"][\"provider\"][\"vpc\"][\"securityGroupIds\"]"
                },
                "SubnetIds": {
                  "$ref": "$[\"service\"][\"provider\"][\"vpc\"][\"subnetIds\"]"
                }
              }
            },
            "DependsOn": [
              "TestdeleteLogGroup"
            ]
          },
          "TestselectLambdaFunction": {
            "Type": "AWS::Lambda::Function",
            "Properties": {
              "Code": {
                "S3Bucket": {
                  "Ref": "ServerlessDeploymentBucket"
                },
                "S3Key": "serverless/connection/dev/1688879928711-2023-07-09T05:18:48.711Z/connection.zip"
              },
              "Handler": "handlers/handlerTestselect.Testselect",
              "Runtime": "nodejs18.x",
              "FunctionName": "connection-dev-Testselect",
              "MemorySize": 1024,
              "Timeout": 6,
              "Role": {
                "Fn::GetAtt": [
                  "IamRoleLambdaExecution",
                  "Arn"
                ]
              },
              "VpcConfig": {
                "SecurityGroupIds": {
                  "$ref": "$[\"service\"][\"provider\"][\"vpc\"][\"securityGroupIds\"]"
                },
                "SubnetIds": {
                  "$ref": "$[\"service\"][\"provider\"][\"vpc\"][\"subnetIds\"]"
                }
              }
            },
            "DependsOn": [
              "TestselectLogGroup"
            ]
          },
          "TestconnectionLambdaVersion8Z7sopxvz6vTrCPHREs7YmzwWNCNVLSLqaQ2pz2xFNQ": {
            "Type": "AWS::Lambda::Version",
            "DeletionPolicy": "Retain",
            "Properties": {
              "FunctionName": {
                "Ref": "TestconnectionLambdaFunction"
              },
              "CodeSha256": "+Eh2qeDJ1fFFhrVtXgPB/gaRdTXRpLOIFTYFGqHFQiw="
            }
          },
          "TestcreateLambdaVersionPcZrl3fwItdhdAqCF9FLCJUvtI433Hk5YOcmRzqHU": {
            "Type": "AWS::Lambda::Version",
            "DeletionPolicy": "Retain",
            "Properties": {
              "FunctionName": {
                "Ref": "TestcreateLambdaFunction"
              },
              "CodeSha256": "+Eh2qeDJ1fFFhrVtXgPB/gaRdTXRpLOIFTYFGqHFQiw="
            }
          },
          "TestupdateLambdaVersionlr0yWA9uTNEECU2XxGGRzmzcRiL0eA0eXUHIBgLjsW0": {
            "Type": "AWS::Lambda::Version",
            "DeletionPolicy": "Retain",
            "Properties": {
              "FunctionName": {
                "Ref": "TestupdateLambdaFunction"
              },
              "CodeSha256": "+Eh2qeDJ1fFFhrVtXgPB/gaRdTXRpLOIFTYFGqHFQiw="
            }
          },
          "TestdeleteLambdaVersionlZELGREd7haojORyMJ4yK4ciwMQYusbxrVKYgETSs": {
            "Type": "AWS::Lambda::Version",
            "DeletionPolicy": "Retain",
            "Properties": {
              "FunctionName": {
                "Ref": "TestdeleteLambdaFunction"
              },
              "CodeSha256": "+Eh2qeDJ1fFFhrVtXgPB/gaRdTXRpLOIFTYFGqHFQiw="
            }
          },
          "TestselectLambdaVersionZs8J0n0qDyFclCH0tgGDBADZzA28T3RxuR5dgugsZA8": {
            "Type": "AWS::Lambda::Version",
            "DeletionPolicy": "Retain",
            "Properties": {
              "FunctionName": {
                "Ref": "TestselectLambdaFunction"
              },
              "CodeSha256": "+Eh2qeDJ1fFFhrVtXgPB/gaRdTXRpLOIFTYFGqHFQiw="
            }
          },
          "HttpApi": {
            "Type": "AWS::ApiGatewayV2::Api",
            "Properties": {
              "Name": "dev-connection",
              "ProtocolType": "HTTP"
            }
          },
          "HttpApiStage": {
            "Type": "AWS::ApiGatewayV2::Stage",
            "Properties": {
              "ApiId": {
                "Ref": "HttpApi"
              },
              "StageName": "$default",
              "AutoDeploy": true,
              "DefaultRouteSettings": {
                "DetailedMetricsEnabled": false
              }
            }
          },
          "TestconnectionLambdaPermissionHttpApi": {
            "Type": "AWS::Lambda::Permission",
            "Properties": {
              "FunctionName": {
                "Fn::GetAtt": [
                  "TestconnectionLambdaFunction",
                  "Arn"
                ]
              },
              "Action": "lambda:InvokeFunction",
              "Principal": "apigateway.amazonaws.com",
              "SourceArn": {
                "Fn::Join": [
                  "",
                  [
                    "arn:",
                    {
                      "Ref": "AWS::Partition"
                    },
                    ":execute-api:",
                    {
                      "Ref": "AWS::Region"
                    },
                    ":",
                    {
                      "Ref": "AWS::AccountId"
                    },
                    ":",
                    {
                      "Ref": "HttpApi"
                    },
                    "/*"
                  ]
                ]
              }
            }
          },
          "HttpApiIntegrationTestconnection": {
            "Type": "AWS::ApiGatewayV2::Integration",
            "Properties": {
              "ApiId": {
                "Ref": "HttpApi"
              },
              "IntegrationType": "AWS_PROXY",
              "IntegrationUri": {
                "$ref": "$[\"service\"][\"provider\"][\"compiledCloudFormationTemplate\"][\"Resources\"][\"TestconnectionLambdaPermissionHttpApi\"][\"Properties\"][\"FunctionName\"]"
              },
              "PayloadFormatVersion": "2.0",
              "TimeoutInMillis": 30000
            }
          },
          "HttpApiRouteGetConnectionTestconnection": {
            "Type": "AWS::ApiGatewayV2::Route",
            "Properties": {
              "ApiId": {
                "Ref": "HttpApi"
              },
              "RouteKey": "GET /connection/Testconnection",
              "Target": {
                "Fn::Join": [
                  "/",
                  [
                    "integrations",
                    {
                      "Ref": "HttpApiIntegrationTestconnection"
                    }
                  ]
                ]
              }
            },
            "DependsOn": "HttpApiIntegrationTestconnection"
          },
          "TestcreateLambdaPermissionHttpApi": {
            "Type": "AWS::Lambda::Permission",
            "Properties": {
              "FunctionName": {
                "Fn::GetAtt": [
                  "TestcreateLambdaFunction",
                  "Arn"
                ]
              },
              "Action": "lambda:InvokeFunction",
              "Principal": "apigateway.amazonaws.com",
              "SourceArn": {
                "Fn::Join": [
                  "",
                  [
                    "arn:",
                    {
                      "Ref": "AWS::Partition"
                    },
                    ":execute-api:",
                    {
                      "Ref": "AWS::Region"
                    },
                    ":",
                    {
                      "Ref": "AWS::AccountId"
                    },
                    ":",
                    {
                      "Ref": "HttpApi"
                    },
                    "/*"
                  ]
                ]
              }
            }
          },
          "HttpApiIntegrationTestcreate": {
            "Type": "AWS::ApiGatewayV2::Integration",
            "Properties": {
              "ApiId": {
                "Ref": "HttpApi"
              },
              "IntegrationType": "AWS_PROXY",
              "IntegrationUri": {
                "$ref": "$[\"service\"][\"provider\"][\"compiledCloudFormationTemplate\"][\"Resources\"][\"TestcreateLambdaPermissionHttpApi\"][\"Properties\"][\"FunctionName\"]"
              },
              "PayloadFormatVersion": "2.0",
              "TimeoutInMillis": 30000
            }
          },
          "HttpApiRoutePostConnectionTestcreate": {
            "Type": "AWS::ApiGatewayV2::Route",
            "Properties": {
              "ApiId": {
                "Ref": "HttpApi"
              },
              "RouteKey": "POST /connection/Testcreate",
              "Target": {
                "Fn::Join": [
                  "/",
                  [
                    "integrations",
                    {
                      "Ref": "HttpApiIntegrationTestcreate"
                    }
                  ]
                ]
              }
            },
            "DependsOn": "HttpApiIntegrationTestcreate"
          },
          "TestupdateLambdaPermissionHttpApi": {
            "Type": "AWS::Lambda::Permission",
            "Properties": {
              "FunctionName": {
                "Fn::GetAtt": [
                  "TestupdateLambdaFunction",
                  "Arn"
                ]
              },
              "Action": "lambda:InvokeFunction",
              "Principal": "apigateway.amazonaws.com",
              "SourceArn": {
                "Fn::Join": [
                  "",
                  [
                    "arn:",
                    {
                      "Ref": "AWS::Partition"
                    },
                    ":execute-api:",
                    {
                      "Ref": "AWS::Region"
                    },
                    ":",
                    {
                      "Ref": "AWS::AccountId"
                    },
                    ":",
                    {
                      "Ref": "HttpApi"
                    },
                    "/*"
                  ]
                ]
              }
            }
          },
          "HttpApiIntegrationTestupdate": {
            "Type": "AWS::ApiGatewayV2::Integration",
            "Properties": {
              "ApiId": {
                "Ref": "HttpApi"
              },
              "IntegrationType": "AWS_PROXY",
              "IntegrationUri": {
                "$ref": "$[\"service\"][\"provider\"][\"compiledCloudFormationTemplate\"][\"Resources\"][\"TestupdateLambdaPermissionHttpApi\"][\"Properties\"][\"FunctionName\"]"
              },
              "PayloadFormatVersion": "2.0",
              "TimeoutInMillis": 30000
            }
          },
          "HttpApiRoutePutConnectionTestupdateIdVar": {
            "Type": "AWS::ApiGatewayV2::Route",
            "Properties": {
              "ApiId": {
                "Ref": "HttpApi"
              },
              "RouteKey": "PUT /connection/Testupdate/{id}",
              "Target": {
                "Fn::Join": [
                  "/",
                  [
                    "integrations",
                    {
                      "Ref": "HttpApiIntegrationTestupdate"
                    }
                  ]
                ]
              }
            },
            "DependsOn": "HttpApiIntegrationTestupdate"
          },
          "TestdeleteLambdaPermissionHttpApi": {
            "Type": "AWS::Lambda::Permission",
            "Properties": {
              "FunctionName": {
                "Fn::GetAtt": [
                  "TestdeleteLambdaFunction",
                  "Arn"
                ]
              },
              "Action": "lambda:InvokeFunction",
              "Principal": "apigateway.amazonaws.com",
              "SourceArn": {
                "Fn::Join": [
                  "",
                  [
                    "arn:",
                    {
                      "Ref": "AWS::Partition"
                    },
                    ":execute-api:",
                    {
                      "Ref": "AWS::Region"
                    },
                    ":",
                    {
                      "Ref": "AWS::AccountId"
                    },
                    ":",
                    {
                      "Ref": "HttpApi"
                    },
                    "/*"
                  ]
                ]
              }
            }
          },
          "HttpApiIntegrationTestdelete": {
            "Type": "AWS::ApiGatewayV2::Integration",
            "Properties": {
              "ApiId": {
                "Ref": "HttpApi"
              },
              "IntegrationType": "AWS_PROXY",
              "IntegrationUri": {
                "$ref": "$[\"service\"][\"provider\"][\"compiledCloudFormationTemplate\"][\"Resources\"][\"TestdeleteLambdaPermissionHttpApi\"][\"Properties\"][\"FunctionName\"]"
              },
              "PayloadFormatVersion": "2.0",
              "TimeoutInMillis": 30000
            }
          },
          "HttpApiRouteDeleteConnectionTestdeleteIdVar": {
            "Type": "AWS::ApiGatewayV2::Route",
            "Properties": {
              "ApiId": {
                "Ref": "HttpApi"
              },
              "RouteKey": "DELETE /connection/Testdelete/{id}",
              "Target": {
                "Fn::Join": [
                  "/",
                  [
                    "integrations",
                    {
                      "Ref": "HttpApiIntegrationTestdelete"
                    }
                  ]
                ]
              }
            },
            "DependsOn": "HttpApiIntegrationTestdelete"
          },
          "TestselectLambdaPermissionHttpApi": {
            "Type": "AWS::Lambda::Permission",
            "Properties": {
              "FunctionName": {
                "Fn::GetAtt": [
                  "TestselectLambdaFunction",
                  "Arn"
                ]
              },
              "Action": "lambda:InvokeFunction",
              "Principal": "apigateway.amazonaws.com",
              "SourceArn": {
                "Fn::Join": [
                  "",
                  [
                    "arn:",
                    {
                      "Ref": "AWS::Partition"
                    },
                    ":execute-api:",
                    {
                      "Ref": "AWS::Region"
                    },
                    ":",
                    {
                      "Ref": "AWS::AccountId"
                    },
                    ":",
                    {
                      "Ref": "HttpApi"
                    },
                    "/*"
                  ]
                ]
              }
            }
          },
          "HttpApiIntegrationTestselect": {
            "Type": "AWS::ApiGatewayV2::Integration",
            "Properties": {
              "ApiId": {
                "Ref": "HttpApi"
              },
              "IntegrationType": "AWS_PROXY",
              "IntegrationUri": {
                "$ref": "$[\"service\"][\"provider\"][\"compiledCloudFormationTemplate\"][\"Resources\"][\"TestselectLambdaPermissionHttpApi\"][\"Properties\"][\"FunctionName\"]"
              },
              "PayloadFormatVersion": "2.0",
              "TimeoutInMillis": 30000
            }
          },
          "HttpApiRouteGetConnectionTestselectIdVar": {
            "Type": "AWS::ApiGatewayV2::Route",
            "Properties": {
              "ApiId": {
                "Ref": "HttpApi"
              },
              "RouteKey": "GET /connection/Testselect/{id}",
              "Target": {
                "Fn::Join": [
                  "/",
                  [
                    "integrations",
                    {
                      "Ref": "HttpApiIntegrationTestselect"
                    }
                  ]
                ]
              }
            },
            "DependsOn": "HttpApiIntegrationTestselect"
          }
        },
        "Outputs": {
          "ServerlessDeploymentBucketName": {
            "Value": {
              "Ref": "ServerlessDeploymentBucket"
            },
            "Export": {
              "Name": "sls-connection-dev-ServerlessDeploymentBucketName"
            }
          },
          "TestconnectionLambdaFunctionQualifiedArn": {
            "Description": "Current Lambda function version",
            "Value": {
              "Ref": "TestconnectionLambdaVersion8Z7sopxvz6vTrCPHREs7YmzwWNCNVLSLqaQ2pz2xFNQ"
            },
            "Export": {
              "Name": "sls-connection-dev-TestconnectionLambdaFunctionQualifiedArn"
            }
          },
          "TestcreateLambdaFunctionQualifiedArn": {
            "Description": "Current Lambda function version",
            "Value": {
              "Ref": "TestcreateLambdaVersionPcZrl3fwItdhdAqCF9FLCJUvtI433Hk5YOcmRzqHU"
            },
            "Export": {
              "Name": "sls-connection-dev-TestcreateLambdaFunctionQualifiedArn"
            }
          },
          "TestupdateLambdaFunctionQualifiedArn": {
            "Description": "Current Lambda function version",
            "Value": {
              "Ref": "TestupdateLambdaVersionlr0yWA9uTNEECU2XxGGRzmzcRiL0eA0eXUHIBgLjsW0"
            },
            "Export": {
              "Name": "sls-connection-dev-TestupdateLambdaFunctionQualifiedArn"
            }
          },
          "TestdeleteLambdaFunctionQualifiedArn": {
            "Description": "Current Lambda function version",
            "Value": {
              "Ref": "TestdeleteLambdaVersionlZELGREd7haojORyMJ4yK4ciwMQYusbxrVKYgETSs"
            },
            "Export": {
              "Name": "sls-connection-dev-TestdeleteLambdaFunctionQualifiedArn"
            }
          },
          "TestselectLambdaFunctionQualifiedArn": {
            "Description": "Current Lambda function version",
            "Value": {
              "Ref": "TestselectLambdaVersionZs8J0n0qDyFclCH0tgGDBADZzA28T3RxuR5dgugsZA8"
            },
            "Export": {
              "Name": "sls-connection-dev-TestselectLambdaFunctionQualifiedArn"
            }
          },
          "HttpApiId": {
            "Description": "Id of the HTTP API",
            "Value": {
              "Ref": "HttpApi"
            },
            "Export": {
              "Name": "sls-connection-dev-HttpApiId"
            }
          },
          "HttpApiUrl": {
            "Description": "URL of the HTTP API",
            "Value": {
              "Fn::Join": [
                "",
                [
                  "https://",
                  {
                    "Ref": "HttpApi"
                  },
                  ".execute-api.",
                  {
                    "Ref": "AWS::Region"
                  },
                  ".",
                  {
                    "Ref": "AWS::URLSuffix"
                  }
                ]
              ]
            },
            "Export": {
              "Name": "sls-connection-dev-HttpApiUrl"
            }
          }
        }
      },
      "coreCloudFormationTemplate": {
        "AWSTemplateFormatVersion": "2010-09-09",
        "Description": "The AWS CloudFormation template for this Serverless application",
        "Resources": {
          "ServerlessDeploymentBucket": {
            "Type": "AWS::S3::Bucket",
            "Properties": {
              "BucketEncryption": {
                "ServerSideEncryptionConfiguration": [
                  {
                    "ServerSideEncryptionByDefault": {
                      "SSEAlgorithm": "AES256"
                    }
                  }
                ]
              }
            }
          },
          "ServerlessDeploymentBucketPolicy": {
            "Type": "AWS::S3::BucketPolicy",
            "Properties": {
              "Bucket": {
                "Ref": "ServerlessDeploymentBucket"
              },
              "PolicyDocument": {
                "Statement": [
                  {
                    "Action": "s3:*",
                    "Effect": "Deny",
                    "Principal": "*",
                    "Resource": [
                      {
                        "Fn::Join": [
                          "",
                          [
                            "arn:",
                            {
                              "Ref": "AWS::Partition"
                            },
                            ":s3:::",
                            {
                              "Ref": "ServerlessDeploymentBucket"
                            },
                            "/*"
                          ]
                        ]
                      },
                      {
                        "Fn::Join": [
                          "",
                          [
                            "arn:",
                            {
                              "Ref": "AWS::Partition"
                            },
                            ":s3:::",
                            {
                              "Ref": "ServerlessDeploymentBucket"
                            }
                          ]
                        ]
                      }
                    ],
                    "Condition": {
                      "Bool": {
                        "aws:SecureTransport": false
                      }
                    }
                  }
                ]
              }
            }
          }
        },
        "Outputs": {
          "ServerlessDeploymentBucketName": {
            "Value": {
              "Ref": "ServerlessDeploymentBucket"
            }
          }
        }
      }
    },
    "pluginsData": {},
    "functions": {
      "Testconnection": {
        "handler": "handlers/handlerTestconnection.Testconnection",
        "events": [
          {
            "httpApi": {
              "path": "/connection/Testconnection",
              "method": "get"
            },
            "resolvedMethod": "GET",
            "resolvedPath": "/connection/Testconnection"
          }
        ],
        "name": "connection-dev-Testconnection",
        "package": {},
        "memory": 1024,
        "timeout": 6,
        "runtime": "nodejs18.x",
        "vpc": {},
        "versionLogicalId": "TestconnectionLambdaVersion8Z7sopxvz6vTrCPHREs7YmzwWNCNVLSLqaQ2pz2xFNQ"
      },
      "Testcreate": {
        "handler": "handlers/handlerTestcreate.Testcreate",
        "events": [
          {
            "httpApi": {
              "path": "/connection/Testcreate",
              "method": "post"
            },
            "resolvedMethod": "POST",
            "resolvedPath": "/connection/Testcreate"
          }
        ],
        "name": "connection-dev-Testcreate",
        "package": {},
        "memory": 1024,
        "timeout": 6,
        "runtime": "nodejs18.x",
        "vpc": {},
        "versionLogicalId": "TestcreateLambdaVersionPcZrl3fwItdhdAqCF9FLCJUvtI433Hk5YOcmRzqHU"
      },
      "Testupdate": {
        "handler": "handlers/handlerTestupdate.Testupdate",
        "events": [
          {
            "httpApi": {
              "path": "/connection/Testupdate/{id}",
              "method": "put"
            },
            "resolvedMethod": "PUT",
            "resolvedPath": "/connection/Testupdate/{id}"
          }
        ],
        "name": "connection-dev-Testupdate",
        "package": {},
        "memory": 1024,
        "timeout": 6,
        "runtime": "nodejs18.x",
        "vpc": {},
        "versionLogicalId": "TestupdateLambdaVersionlr0yWA9uTNEECU2XxGGRzmzcRiL0eA0eXUHIBgLjsW0"
      },
      "Testdelete": {
        "handler": "handlers/handlerTestdelete.Testdelete",
        "events": [
          {
            "httpApi": {
              "path": "/connection/Testdelete/{id}",
              "method": "delete"
            },
            "resolvedMethod": "DELETE",
            "resolvedPath": "/connection/Testdelete/{id}"
          }
        ],
        "name": "connection-dev-Testdelete",
        "package": {},
        "memory": 1024,
        "timeout": 6,
        "runtime": "nodejs18.x",
        "vpc": {},
        "versionLogicalId": "TestdeleteLambdaVersionlZELGREd7haojORyMJ4yK4ciwMQYusbxrVKYgETSs"
      },
      "Testselect": {
        "handler": "handlers/handlerTestselect.Testselect",
        "events": [
          {
            "httpApi": {
              "path": "/connection/Testselect/{id}",
              "method": "get"
            },
            "resolvedMethod": "GET",
            "resolvedPath": "/connection/Testselect/{id}"
          }
        ],
        "name": "connection-dev-Testselect",
        "package": {},
        "memory": 1024,
        "timeout": 6,
        "runtime": "nodejs18.x",
        "vpc": {},
        "versionLogicalId": "TestselectLambdaVersionZs8J0n0qDyFclCH0tgGDBADZzA28T3RxuR5dgugsZA8"
      }
    },
    "configValidationMode": "warn",
    "serviceFilename": "serverless.yml",
    "initialServerlessConfig": {
      "service": "connection",
      "frameworkVersion": "3",
      "provider": {
        "$ref": "$[\"service\"][\"provider\"]"
      },
      "functions": {
        "$ref": "$[\"service\"][\"functions\"]"
      }
    },
    "layers": {},
    "isDashboardMonitoringPreconfigured": false,
    "artifact": "C:\\Users\\Omar\\Desktop\\omar\\prueba\\2-connection\\.serverless\\connection.zip"
  },
  "package": {
    "artifactDirectoryName": "serverless/connection/dev/1688879928711-2023-07-09T05:18:48.711Z",
    "artifact": "connection.zip"
  }
}